"method","path","base_url_or_service"
"DELETE","/oa24mm/v1/svc/token","https://onecdn.telematicsct.com"
"DELETE","/oa24mm/v1/trip","https://onecdn.telematicsct.com"
"DELETE","/oa24mm/v2/profile/picture/{guid}","https://onecdn.telematicsct.com"
"DELETE","/oactp/v1/digital-key/gen2/keys","https://onecdn.telematicsct.com"
"DELETE","/oactp/v1/digital-key/gen2/keys/{keyId}","https://onecdn.telematicsct.com"
"DELETE","/oactp/v1/digital-key/token","https://onecdn.telematicsct.com"
"DELETE","/oactp/v1/video/drive-recorder/event","https://onecdn.telematicsct.com"
"DELETE","/oneapi/v1/account","https://onecdn.telematicsct.com"
"DELETE","/oneapi/v1/electric/charging/{scheduleId}","https://onecdn.telematicsct.com"
"DELETE","/oneapi/v1/payment/wallet/payment-method/{paymentMethodId}","https://onecdn.telematicsct.com"
"DELETE","/oneapi/v1/servicehistory/vehicle","https://onecdn.telematicsct.com"
"DELETE","/serviceshop/oneapi/scheduler/v1/appointment/{appointmentId}","https://onecdn.telematicsct.com"
"DELETE","/v1/pending/vin","https://onecdn.telematicsct.com"
"DELETE","/v1/remote/route/ac-reservation","https://onecdn.telematicsct.com"
"DELETE","/v1/remote/route/charging/{chargeScheduleId}","https://onecdn.telematicsct.com"
"DELETE","oneapi/v1/account","https://onecdn.telematicsct.com"
"GET","/charging/v2/driver/enrollment-check","https://onecdn.telematicsct.com"
"GET","/charging/v2/driver/program-availability","https://onecdn.telematicsct.com"
"GET","/charging/v2/ev-education/config","https://onecdn.telematicsct.com"
"GET","/charging/v2/locations","https://onecdn.telematicsct.com"
"GET","/charging/v2/vehicle/charge-statistics","https://onecdn.telematicsct.com"
"GET","/charging/v2/vehicle/eco-schedules","https://onecdn.telematicsct.com"
"GET","/charging/v3/charger/session","https://onecdn.telematicsct.com"
"GET","/digital-self-services/expapi/v1/accounts/accountSummary","https://apigateway.toyotafinancial.com"
"GET","/digital-self-services/expapi/v1/profile/accounts/getTimestamp","https://apigateway.toyotafinancial.com"
"GET","/fleet/v2/balance","https://onecdn.telematicsct.com"
"GET","/fleet/v2/reservations","https://onecdn.telematicsct.com"
"GET","/oa21mm/v1/ota/notification","https://onecdn.telematicsct.com"
"GET","/oa21mm/v1/ota/update/check","https://onecdn.telematicsct.com"
"GET","/oa24mm/v1/ota/notification","https://onecdn.telematicsct.com"
"GET","/oa24mm/v1/ota/update/check","https://onecdn.telematicsct.com"
"GET","/oa24mm/v1/ota/update/versions","https://onecdn.telematicsct.com"
"GET","/oa24mm/v1/pending/vins","https://onecdn.telematicsct.com"
"GET","/oa24mm/v1/svc/getbaseprofile/{guid}","https://onecdn.telematicsct.com"
"GET","/oa24mm/v1/svc/getprofile/{guid}","https://onecdn.telematicsct.com"
"GET","/oa24mm/v1/svc/music_preference?","https://onecdn.telematicsct.com"
"GET","/oa24mm/v1/svc/subscriptions","https://onecdn.telematicsct.com"
"GET","/oa24mm/v1/svc/sync/vapreference","https://onecdn.telematicsct.com"
"GET","/oa24mm/v1/trips","https://onecdn.telematicsct.com"
"GET","/oa24mm/v2/profile/picture/{guid}","https://onecdn.telematicsct.com"
"GET","/oa24mm/v2/vehicle/registrationstatus","https://onecdn.telematicsct.com"
"GET","/oa24mm/v2/vehicle/restrictions","https://onecdn.telematicsct.com"
"GET","/oactp/v1/digital-key/gen2/keys","https://onecdn.telematicsct.com"
"GET","/oactp/v1/digital-key/gen2/owner/pairing-password","https://onecdn.telematicsct.com"
"GET","/oactp/v1/digital-key/gen2/status","https://onecdn.telematicsct.com"
"GET","/oactp/v1/digital-key/hsmunlock","https://onecdn.telematicsct.com"
"GET","/oactp/v1/digital-key/luks","https://onecdn.telematicsct.com"
"GET","/oactp/v1/digital-key/pendinginvite","https://onecdn.telematicsct.com"
"GET","/oactp/v1/digital-key/status","https://onecdn.telematicsct.com"
"GET","/oactp/v1/tire-pressure-preferences","https://onecdn.telematicsct.com"
"GET","/oactp/v1/video/drive-recorder/event/{eventOccurrenceId}/{cameraType}","https://onecdn.telematicsct.com"
"GET","/oactp/v1/video/drive-recorder/recording","https://onecdn.telematicsct.com"
"GET","/oactp/v1/video/drive-recorder/recording/count","https://onecdn.telematicsct.com"
"GET","/oneapi/serviceshop/v2/dealer-service/appointments","https://onecdn.telematicsct.com"
"GET","/oneapi/serviceshop/v2/dealer-service/{dealerId}/advisors","https://onecdn.telematicsct.com"
"GET","/oneapi/serviceshop/v2/dealer-service/{dealerId}/appointment/slots","https://onecdn.telematicsct.com"
"GET","/oneapi/serviceshop/v2/dealer-service/{dealerId}/services","https://onecdn.telematicsct.com"
"GET","/oneapi/serviceshop/v2/dealer-service/{dealerId}/transportoptions","https://onecdn.telematicsct.com"
"GET","/oneapi/v1/account/emailsearch","https://onecdn.telematicsct.com"
"GET","/oneapi/v1/address/country/states","https://onecdn.telematicsct.com"
"GET","/oneapi/v1/ampol/fuelStation","https://onecdn.telematicsct.com"
"GET","/oneapi/v1/ampol/rewards","https://onecdn.telematicsct.com"
"GET","/oneapi/v1/banners","https://onecdn.telematicsct.com"
"GET","/oneapi/v1/campaigns","https://onecdn.telematicsct.com"
"GET","/oneapi/v1/canbus/trip/events","https://onecdn.telematicsct.com"
"GET","/oneapi/v1/consent/privacySettings","https://onecdn.telematicsct.com"
"GET","/oneapi/v1/dashboardlights","https://onecdn.telematicsct.com"
"GET","/oneapi/v1/irf/list","https://onecdn.telematicsct.com"
"GET","/oneapi/v1/irf/search","https://onecdn.telematicsct.com"
"GET","/oneapi/v1/mobile-utilites/app-details/andriod","https://onecdn.telematicsct.com"
"GET","/oneapi/v1/one/dealers","https://onecdn.telematicsct.com"
"GET","/oneapi/v1/one/vehicle","https://onecdn.telematicsct.com"
"GET","/oneapi/v1/ota/update","https://onecdn.telematicsct.com"
"GET","/oneapi/v1/ota/update/check","https://onecdn.telematicsct.com"
"GET","/oneapi/v1/payment/config","https://onecdn.telematicsct.com"
"GET","/oneapi/v1/payment/wallet","https://onecdn.telematicsct.com"
"GET","/oneapi/v1/payment/wallet/transactions","https://onecdn.telematicsct.com"
"GET","/oneapi/v1/preferred-dealer","https://onecdn.telematicsct.com"
"GET","/oneapi/v1/radio","https://onecdn.telematicsct.com"
"GET","/oneapi/v1/reconsent/eligibility","https://onecdn.telematicsct.com"
"GET","/oneapi/v1/sds/cancel","https://onecdn.telematicsct.com"
"GET","/oneapi/v1/servicehistory/vehicle/summary","https://onecdn.telematicsct.com"
"GET","/oneapi/v1/sms/consent","https://onecdn.telematicsct.com"
"GET","/oneapi/v1/support/contacts","https://onecdn.telematicsct.com"
"GET","/oneapi/v1/svl/remoteImmobilizer/passcode","https://onecdn.telematicsct.com"
"GET","/oneapi/v1/telemetry/tires/pressure","https://onecdn.telematicsct.com"
"GET","/oneapi/v1/tpcoNationalUrl","https://onecdn.telematicsct.com"
"GET","/oneapi/v1/ubi/quote/{TIMSOfferId}/{ZC}","https://onecdn.telematicsct.com"
"GET","/oneapi/v1/vdr/history","https://onecdn.telematicsct.com"
"GET","/oneapi/v1/vehicle-alerts","https://onecdn.telematicsct.com"
"GET","/oneapi/v1/vehicle/guidvins","https://onecdn.telematicsct.com"
"GET","/oneapi/v1/vehicle/maintenance-schedule","https://onecdn.telematicsct.com"
"GET","/oneapi/v1/vehicle/vehicle-spec","https://onecdn.telematicsct.com"
"GET","/oneapi/v1/vehiclehealth/report","https://onecdn.telematicsct.com"
"GET","/oneapi/v1/vehiclehealth/status","https://onecdn.telematicsct.com"
"GET","/oneapi/v1/vgi/eligibility","https://onecdn.telematicsct.com"
"GET","/oneapi/v1/vgi/lcfs/dashboard","https://onecdn.telematicsct.com"
"GET","/oneapi/v1/vhr/history","https://onecdn.telematicsct.com"
"GET","/oneapi/v1/videos","https://onecdn.telematicsct.com"
"GET","/oneapi/v1/wifi/expiration-reminder","https://onecdn.telematicsct.com"
"GET","/oneapi/v1/zuora/payments","https://onecdn.telematicsct.com"
"GET","/oneapi/v1/zuora/rsa-signature","https://onecdn.telematicsct.com"
"GET","/oneapi/v2/account/redact/search","https://onecdn.telematicsct.com"
"GET","/oneapi/v2/customer/eligibility","https://onecdn.telematicsct.com"
"GET","/oneapi/v2/download/ssa","https://onecdn.telematicsct.com"
"GET","/oneapi/v2/electric/nearest-fuel-stations","https://onecdn.telematicsct.com"
"GET","/oneapi/v2/feedback/faqs/app","https://onecdn.telematicsct.com"
"GET","/oneapi/v2/feedback/metadata","https://onecdn.telematicsct.com"
"GET","/oneapi/v2/legacy/remote/status","https://onecdn.telematicsct.com"
"GET","/oneapi/v2/manual/pdf/{documentId}","https://onecdn.telematicsct.com"
"GET","/oneapi/v2/manuals","https://onecdn.telematicsct.com"
"GET","/oneapi/v2/marketing/banner","https://onecdn.telematicsct.com"
"GET","/oneapi/v2/notification-preferences","https://onecdn.telematicsct.com"
"GET","/oneapi/v2/notification/history","https://onecdn.telematicsct.com"
"GET","/oneapi/v2/one/vehicle","https://onecdn.telematicsct.com"
"GET","/oneapi/v2/service-campaign","https://onecdn.telematicsct.com"
"GET","/oneapi/v2/telemetry","https://onecdn.telematicsct.com"
"GET","/oneapi/v2/ubi/consentmessage/{TIMSOfferId}","https://onecdn.telematicsct.com"
"GET","/oneapi/v2/ubi/offers","https://onecdn.telematicsct.com"
"GET","/oneapi/v2/vehicle/guid","https://onecdn.telematicsct.com"
"GET","/oneapi/v2/vehicle/maintenance-schedule","https://onecdn.telematicsct.com"
"GET","/oneapi/v3/account/secondaryUserName","https://onecdn.telematicsct.com"
"GET","/oneapi/v3/canbus/score","https://onecdn.telematicsct.com"
"GET","/oneapi/v3/canbus/trip","https://onecdn.telematicsct.com"
"GET","/oneapi/v3/dataconsent","https://onecdn.telematicsct.com"
"GET","/oneapi/v3/electric/status","https://onecdn.telematicsct.com"
"GET","/oneapi/v3/vehicle-subscriptions","https://onecdn.telematicsct.com"
"GET","/oneapi/v4/account","https://onecdn.telematicsct.com"
"GET","/oneapi/v4/dealers/{dealerCode}","https://onecdn.telematicsct.com"
"GET","/oneapi/{apiVersion}/electric/status","https://onecdn.telematicsct.com"
"GET","/serviceshop/oneapi/scheduler/v1/advisors","https://onecdn.telematicsct.com"
"GET","/serviceshop/oneapi/scheduler/v1/appointment/{appointmentId}","https://onecdn.telematicsct.com"
"GET","/serviceshop/oneapi/scheduler/v1/appointments","https://onecdn.telematicsct.com"
"GET","/serviceshop/oneapi/scheduler/v1/dealerActivity","https://onecdn.telematicsct.com"
"GET","/serviceshop/oneapi/scheduler/v1/services","https://onecdn.telematicsct.com"
"GET","/serviceshop/oneapi/scheduler/v1/transportations","https://onecdn.telematicsct.com"
"GET","/serviceshop/oneapi/v1/service-shop/oneapp/dealers","https://onecdn.telematicsct.com"
"GET","/serviceshop/oneapi/v1/service-shop/oneapp/dealers/map","https://onecdn.telematicsct.com"
"GET","/serviceshop/oneapi/v1/service-shop/oneapp/dealers/toyotaCode/{dealerId}","https://onecdn.telematicsct.com"
"GET","/v1/one/vehicle","https://onecdn.telematicsct.com"
"GET","/v1/remote/route/ac-reservation","https://onecdn.telematicsct.com"
"GET","/v1/remote/route/climate-settings","https://onecdn.telematicsct.com"
"GET","/v1/remote/route/engine-status","https://onecdn.telematicsct.com"
"GET","/v1/remote/route/profile-settings","https://onecdn.telematicsct.com"
"GET","/v1/remote/route/status","https://onecdn.telematicsct.com"
"GET","/v1/vehicle/remote/cdas/status","https://onecdn.telematicsct.com"
"GET","charging/driver/legal-content","https://onecdn.telematicsct.com"
"GET","charging/v2/pnc/status","https://onecdn.telematicsct.com"
"GET","charging/v2/vehicle/charge-history","https://onecdn.telematicsct.com"
"GET","connect/endSession","https://onecdn.telematicsct.com"
"GET","deviceParameter","Digital Key runtime base (device-api-proxy.prod.digitalkey.toyota.com / vendor-configured)"
"GET","directions/json","https://maps.googleapis.com/maps/api/"
"GET","getKeyInfo/{keyInfoId}","Digital Key runtime base (device-api-proxy.prod.digitalkey.toyota.com / vendor-configured)"
"GET","listKeyInfo/{deviceId}","Digital Key runtime base (device-api-proxy.prod.digitalkey.toyota.com / vendor-configured)"
"GET","oneapi/v1/account/personal-info-content","https://onecdn.telematicsct.com"
"GET","oneapi/v1/consent/account","https://onecdn.telematicsct.com"
"GET","oneapi/v3/dataconsent","https://onecdn.telematicsct.com"
"GET","serviceshop/oneapi/scheduler/v1/filters","https://onecdn.telematicsct.com"
"GET","serviceshop/oneapi/scheduler/v1/timeslots","https://onecdn.telematicsct.com"
"GET","serviceshop/oneapi/scheduler/v1/timeslots/availability","https://onecdn.telematicsct.com"
"GET","serviceshop/oneapi/v1/service-shop/{region}/public/location/autocomplete/{query}","https://onecdn.telematicsct.com"
"GET","v1/ota4/swUpdate/availability","https://onecdn.telematicsct.com"
"PATCH","/oneapi/authcode/v1/remote/odo","https://onecdn.telematicsct.com"
"PATCH","/oneapi/v1/campaigns","https://onecdn.telematicsct.com"
"PATCH","/oneapi/v2/authcode/remote","https://onecdn.telematicsct.com"
"POST","/auth/json/realms/root/realms/oneapp/authenticate","https://authcwoneapp.lexusfinancial.com"
"POST","/auth/oauth2/exchange/token","https://am.cv000-telematics.net"
"POST","/auth/oauth2/realms/root/realms/oneapp/access_token","https://authconsumer.lexusfinancial.com"
"POST","/auth/oauth2/realms/root/realms/oneapp/authorize","https://authconsumer.lexusfinancial.com"
"POST","/authenticate","https://login.lexusdriverslogin.com/"
"POST","/charging/v2/charger/start","https://onecdn.telematicsct.com"
"POST","/charging/v2/driver/enrollment","https://onecdn.telematicsct.com"
"POST","/charging/v2/driver/process-status","https://onecdn.telematicsct.com"
"POST","/charging/v2/driver/unenroll","https://onecdn.telematicsct.com"
"POST","/charging/v2/vehicle/mc-eco-enrollment","https://onecdn.telematicsct.com"
"POST","/digital-self-services/expapi/v1/accounts/agreement","https://apigateway.toyotafinancial.com"
"POST","/digital-self-services/expapi/v7/payments/paymenthub","https://apigateway.toyotafinancial.com"
"POST","/json/realms/root/realms/tmna-native/authenticate","https://login.lexusdriverslogin.com/"
"POST","/json/realms/root/realms/{native}/authenticate","https://login.lexusdriverslogin.com/"
"POST","/oa21mm/v1/ota/update/authorize","https://onecdn.telematicsct.com"
"POST","/oa24mm/v1/location/share","https://onecdn.telematicsct.com"
"POST","/oa24mm/v1/ota/update/authorize","https://onecdn.telematicsct.com"
"POST","/oa24mm/v1/svc/music_preference","https://onecdn.telematicsct.com"
"POST","/oa24mm/v1/svc/sync/vapreference","https://onecdn.telematicsct.com"
"POST","/oa24mm/v1/svc/token","https://onecdn.telematicsct.com"
"POST","/oa24mm/v1/trip/sendtocar","https://onecdn.telematicsct.com"
"POST","/oa24mm/v2/profile/picture/{guid}","https://onecdn.telematicsct.com"
"POST","/oa24mm/v2/vehicle/deregistration/{guid}/{vin}","https://onecdn.telematicsct.com"
"POST","/oa24mm/v2/vehicle/restrictions","https://onecdn.telematicsct.com"
"POST","/oactp/v1/digital-key/gen2/calibration","https://onecdn.telematicsct.com"
"POST","/oactp/v1/digital-key/gen2/owner/pairing-password/notification","https://onecdn.telematicsct.com"
"POST","/oactp/v1/digital-key/hsmunlock","https://onecdn.telematicsct.com"
"POST","/oactp/v1/digital-key/invite","https://onecdn.telematicsct.com"
"POST","/oactp/v1/digital-key/luktoken","https://onecdn.telematicsct.com"
"POST","/oactp/v1/digital-key/ownertoken","https://onecdn.telematicsct.com"
"POST","/oactp/v1/digital-key/rotatetoken","https://onecdn.telematicsct.com"
"POST","/oactp/v1/portal/savekey","https://onecdn.telematicsct.com"
"POST","/oactp/v1/tire-pressure-preferences","https://onecdn.telematicsct.com"
"POST","/oauth2/realms/root/realms/tmna-native/access_token","https://login.lexusdriverslogin.com/"
"POST","/oneapi/serviceshop/v2/dealer-service/{dealerId}/appointment","https://onecdn.telematicsct.com"
"POST","/oneapi/serviceshop/v2/dealer-service/{dealerId}/appointment/{appointmentId}","https://onecdn.telematicsct.com"
"POST","/oneapi/v1/acknowledge/gps","https://onecdn.telematicsct.com"
"POST","/oneapi/v1/address","https://onecdn.telematicsct.com"
"POST","/oneapi/v1/customerconsent","https://onecdn.telematicsct.com"
"POST","/oneapi/v1/electric/charging","https://onecdn.telematicsct.com"
"POST","/oneapi/v1/feedback/survey","https://onecdn.telematicsct.com"
"POST","/oneapi/v1/irf/grant","https://onecdn.telematicsct.com"
"POST","/oneapi/v1/legacy/oneaccount/calculate-tax","https://onecdn.telematicsct.com"
"POST","/oneapi/v1/legacy/remote/command","https://onecdn.telematicsct.com"
"POST","/oneapi/v1/logout","https://onecdn.telematicsct.com"
"POST","/oneapi/v1/notification/apptoken","https://onecdn.telematicsct.com"
"POST","/oneapi/v1/notification/device/status","https://onecdn.telematicsct.com"
"POST","/oneapi/v1/notification/history/markread","https://onecdn.telematicsct.com"
"POST","/oneapi/v1/payment/wallet/payment-method","https://onecdn.telematicsct.com"
"POST","/oneapi/v1/payment/wallet/payment-method/{paymentMethodId}/default","https://onecdn.telematicsct.com"
"POST","/oneapi/v1/preference/clear-history","https://onecdn.telematicsct.com"
"POST","/oneapi/v1/preferred/vehicle","https://onecdn.telematicsct.com"
"POST","/oneapi/v1/preview","https://onecdn.telematicsct.com"
"POST","/oneapi/v1/previewrefund","https://onecdn.telematicsct.com"
"POST","/oneapi/v1/servicehistory/vehicle/createServiceHistory","https://onecdn.telematicsct.com"
"POST","/oneapi/v1/telemetry/product-registration","https://onecdn.telematicsct.com"
"POST","/oneapi/v1/telemetry/product-unregistration","https://onecdn.telematicsct.com"
"POST","/oneapi/v1/vehicle-association/override","https://onecdn.telematicsct.com"
"POST","/oneapi/v1/vehicle-association/vehicle","https://onecdn.telematicsct.com"
"POST","/oneapi/v1/vehicle-subscriptions","https://onecdn.telematicsct.com"
"POST","/oneapi/v1/vhr/email","https://onecdn.telematicsct.com"
"POST","/oneapi/v2/authcode/remote","https://onecdn.telematicsct.com"
"POST","/oneapi/v2/electric/command","https://onecdn.telematicsct.com"
"POST","/oneapi/v2/electric/realtime-status","https://onecdn.telematicsct.com"
"POST","/oneapi/v2/feedback","https://onecdn.telematicsct.com"
"POST","/oneapi/v2/ubi/optdetails","https://onecdn.telematicsct.com"
"POST","/serviceshop/oneapi/scheduler/v1/appointment","https://onecdn.telematicsct.com"
"POST","/v1/remote/route/ac-reservation","https://onecdn.telematicsct.com"
"POST","/v1/remote/route/charging","https://onecdn.telematicsct.com"
"POST","/v1/remote/route/command","https://onecdn.telematicsct.com"
"POST","/v1/remote/route/profile-settings","https://onecdn.telematicsct.com"
"POST","/v1/remote/route/refresh-status","https://onecdn.telematicsct.com"
"POST","/v1/remote/route/wake","https://onecdn.telematicsct.com"
"POST","charging/driver/enrollment","https://onecdn.telematicsct.com"
"POST","charging/v2/driver/enrollment/toggle","https://onecdn.telematicsct.com"
"POST","charging/v2/pnc/enroll","https://onecdn.telematicsct.com"
"POST","charging/v2/pnc/toggle","https://onecdn.telematicsct.com"
"POST","compromise","Digital Key runtime base (device-api-proxy.prod.digitalkey.toyota.com / vendor-configured)"
"POST","deactivateKey/{keyInfoId}","Digital Key runtime base (device-api-proxy.prod.digitalkey.toyota.com / vendor-configured)"
"POST","enrolKey/{deviceId}","Digital Key runtime base (device-api-proxy.prod.digitalkey.toyota.com / vendor-configured)"
"POST","enrolKeyRotation/{deviceId}","Digital Key runtime base (device-api-proxy.prod.digitalkey.toyota.com / vendor-configured)"
"POST","json/realms/tmna-native/sessions","https://login.lexusdriverslogin.com/"
"POST","json/realms/{native}/authenticate","https://login.lexusdriverslogin.com/"
"POST","mobile/initialise","Digital Key runtime base (device-api-proxy.prod.digitalkey.toyota.com / vendor-configured)"
"POST","mobile/register","Digital Key runtime base (device-api-proxy.prod.digitalkey.toyota.com / vendor-configured)"
"POST","oa24mm/v1/trip/sendtocar","https://onecdn.telematicsct.com"
"POST","oauth2/realms/root/device/user","https://login.lexusdriverslogin.com/"
"POST","oauth2/realms/root/realms/tmna-native/device/user","https://login.lexusdriverslogin.com/"
"POST","oneapi/v1/consent/account","https://onecdn.telematicsct.com"
"POST","openidm/endpoint/pinService","https://openidm.lexusdriverslogin.com/"
"POST","pull/v2/notification","https://onecdn.telematicsct.com"
"POST","synchronizeNotifications/{keyInfoId}","Digital Key runtime base (device-api-proxy.prod.digitalkey.toyota.com / vendor-configured)"
"PUT","/charging/v2/charger/stop","https://onecdn.telematicsct.com"
"PUT","/oa24mm/v1/pending/vin","https://onecdn.telematicsct.com"
"PUT","/oa24mm/v1/svc/updateuserprofile/{guid}","https://onecdn.telematicsct.com"
"PUT","/oactp/v1/digital-key/status","https://onecdn.telematicsct.com"
"PUT","/oneapi/v1/acknowledge/message","https://onecdn.telematicsct.com"
"PUT","/oneapi/v1/customer/ota","https://onecdn.telematicsct.com"
"PUT","/oneapi/v1/electric/charging","https://onecdn.telematicsct.com"
"PUT","/oneapi/v1/irf/grant","https://onecdn.telematicsct.com"
"PUT","/oneapi/v1/legacy/oneaccount/vehicles","https://onecdn.telematicsct.com"
"PUT","/oneapi/v1/preferred-dealer","https://onecdn.telematicsct.com"
"PUT","/oneapi/v1/remote/ng86/profile/curfew","https://onecdn.telematicsct.com"
"PUT","/oneapi/v1/servicehistory/vehicle","https://onecdn.telematicsct.com"
"PUT","/oneapi/v1/subscription/autorenew","https://onecdn.telematicsct.com"
"PUT","/oneapi/v1/subscription/cancel","https://onecdn.telematicsct.com"
"PUT","/oneapi/v1/subscription/dataconsent","https://onecdn.telematicsct.com"
"PUT","/oneapi/v1/subscription/remoteguid","https://onecdn.telematicsct.com"
"PUT","/oneapi/v1/vehicle-association/vehicle","https://onecdn.telematicsct.com"
"PUT","/oneapi/v1/vehicle-association/vehicle/sold","https://onecdn.telematicsct.com"
"PUT","/oneapi/v1/wifi/reminder-ack","https://onecdn.telematicsct.com"
"PUT","/oneapi/v1/zuora/payments","https://onecdn.telematicsct.com"
"PUT","/oneapi/v1/zuora/payments/scrub","https://onecdn.telematicsct.com"
"PUT","/oneapi/v2/notification-preferences","https://onecdn.telematicsct.com"
"PUT","/oneapi/v4/account","https://onecdn.telematicsct.com"
"PUT","/oneapi/v4/account/verifyUpdate","https://onecdn.telematicsct.com"
"PUT","/oneapi/v5/account","https://onecdn.telematicsct.com"
"PUT","/serviceshop/oneapi/scheduler/v1/appointment/{appointmentId}","https://onecdn.telematicsct.com"
"PUT","/v1/remote/route/ac-reservation","https://onecdn.telematicsct.com"
"PUT","/v1/remote/route/charging","https://onecdn.telematicsct.com"
"PUT","/v1/remote/route/climate-settings","https://onecdn.telematicsct.com"
"PUT","/v1/remote/route/profile-settings","https://onecdn.telematicsct.com"
"PUT","/v1/vehicle/remote/cdas/report","https://onecdn.telematicsct.com"
